YouTube ID,start seconds,end seconds,label,split
--U7joUcTCo,0,8000,playing electronic organ,decoder_train
-3z5mFRgbxc,30000,38000,driving buses,decoder_train
-4viN_EoxOA,0,8000,planing timber,decoder_train
-7sg--aJdrc,39000,47000,gibbon howling,decoder_train
-A1o1Egi20c,60000,68000,church bell ringing,decoder_train
-OAyRsvFGgc,30000,38000,tapping guitar,decoder_train
-Sd-j0rKeKw,30000,38000,playing electric guitar,decoder_train
-VLOm8cJZRI,70000,78000,playing theremin,decoder_train
-aXWYfAdovc,230000,238000,bird squawking,decoder_train
-dRucPKqTFc,7000,15000,waterfall burbling,decoder_train
-f1DNyngKVY,30000,38000,people marching,decoder_train
-h5ZGw9Ci5c,450000,458000,playing bass drum,decoder_train
-jaY3LS3Dv0,30000,38000,spraying water,decoder_train
-nlkWWphiaM,30000,38000,opening or closing drawers,decoder_train
-uaTK8sa5Ms,10000,18000,airplane flyby,decoder_train
0-6N0Qagy5A,10000,18000,playing synthesizer,decoder_train
0-EgET9q3qE,30000,38000,duck quacking,decoder_train
0-jDld11jhw,164000,172000,playing cornet,decoder_train
0-jDld11jhw,93000,101000,playing cornet,decoder_train
0-o0oZvSFOk,30000,38000,goat bleating,decoder_train
00KM53yZi2A,30000,38000,printer printing,decoder_train
00QQLLcny14,83000,91000,"electric shaver, electric razor shaving",decoder_train
00gxEsWO4mo,259000,267000,cheetah chirrup,decoder_train
00wORCOKNHw,14000,22000,horse clip-clop,decoder_train
00z0M1DJyAw,90000,98000,turkey gobbling,decoder_train
01Iho7loxL0,15000,23000,barn swallow calling,decoder_train
01SaXyGY5SM,30000,38000,male singing,decoder_train
01j_x89dowI,481000,489000,barn swallow calling,decoder_train
02Ak1eIyj3M,30000,38000,"donkey, ass braying",decoder_train
05GsUEyThd8,13000,21000,parrot talking,decoder_train
07FxCXxknY4,30000,38000,"rowboat, canoe, kayak rowing",decoder_train
0B7fwvTtvLM,0,8000,basketball bounce,decoder_train
0BCkxfdk6fk,761000,769000,striking pool,decoder_train
0BauNGmZtTU,250000,258000,"female speech, woman speaking",decoder_train
0Br877mW7_c,10000,18000,blowtorch igniting,decoder_train
0CA5CPHRXDc,0,8000,mosquito buzzing,decoder_train
0CEsVHHkwww,30000,38000,mosquito buzzing,decoder_train
0CQnnJq9xn0,75000,83000,tap dancing,decoder_train
0CTgEP0SIVg,10000,18000,"bird chirping, tweeting",decoder_train
0Cl6hXpryhY,30000,38000,playing electric guitar,decoder_train
0Cu33yBwAPg,60000,68000,"bird chirping, tweeting",decoder_train
0CzC0-cXe8M,30000,38000,male singing,decoder_train
0D8KognM4uY,282000,290000,playing hockey,decoder_train
0DOFzYwOoPg,133000,141000,cell phone buzzing,decoder_train
0DzsPL-xElE,20000,28000,chainsawing trees,decoder_train
0E6KS8B6DMc,540000,548000,playing bass drum,decoder_train
0F04c_rY4aw,0,8000,dog howling,decoder_train
0G50t4FlbIA,60000,68000,people screaming,decoder_train
0GBi8uR4ZeM,7000,15000,playing bassoon,decoder_train
0H2tR-oOvIY,3000,11000,footsteps on snow,decoder_train
0HBJuYt2Eys,32000,40000,rope skipping,decoder_train
0HXYdGGKV2k,30000,38000,wind rustling leaves,decoder_train
0HbhE91JB-k,360000,368000,rope skipping,decoder_train
0IzhjqyDzt8,0,8000,church bell ringing,decoder_train
0J_TdiZ3TKA,30000,38000,church bell ringing,decoder_train
0Jq6WJLLSIk,4000,12000,playing accordion,decoder_train
0KAeUAAoVnY,143000,151000,firing muskets,decoder_train
0KAeUAAoVnY,186000,194000,firing muskets,decoder_train
0KIC9xmmD8g,105000,113000,police radio chatter,decoder_train
0KOPvSUlNjI,180000,188000,shot football,decoder_train
0LY5zuRlIac,0,8000,child singing,decoder_train
0LwSy-xZSPw,112000,120000,male singing,decoder_train
0MU2SG5ME1E,16000,24000,skateboarding,decoder_train
0N3-lCzOQPI,0,8000,frog croaking,decoder_train
0N6S5OoG7Vg,150000,158000,"female speech, woman speaking",decoder_train
0N9EN0BEjP0,430000,438000,driving buses,decoder_train
0NZLG7HMiLg,590000,598000,skidding,decoder_train
0NZQRllfNhE,140000,148000,skidding,decoder_train
0OFlTh2_Obo,30000,38000,dog bow-wow,decoder_train
0OLYyjqNdn4,352000,360000,goose honking,decoder_train
0Olm321vgk8,30000,38000,male singing,decoder_train
0PKdFG3iB8w,430000,438000,playing accordion,decoder_train
0QSPtpp1HN8,30000,38000,playing cymbal,decoder_train
0QYedLfOwcI,40000,48000,playing cymbal,decoder_train
0R85JknaH-w,90000,98000,splashing water,decoder_train
0RZRFj7zDnQ,30000,38000,"male speech, man speaking",decoder_train
0Rqa18lmDtw,153000,161000,driving motorcycle,decoder_train
0SnjS2w_c80,520000,528000,wind rustling leaves,decoder_train
0T39A4knSu4,25000,33000,elephant trumpeting,decoder_train
0T39A4knSu4,57000,65000,elephant trumpeting,decoder_train
0T966F09Q_8,0,8000,playing oboe,decoder_train
0TuhcsOwEEs,64000,72000,skiing,decoder_train
0UJpeR9-ayg,213000,221000,playing bass guitar,decoder_train
0VW4nelMODc,259000,267000,lawn mowing,decoder_train
0VW4nelMODc,271000,279000,lawn mowing,decoder_train
0W1sNicXboU,60000,68000,hedge trimmer running,decoder_train
0WTf_N9NPDw,23000,31000,turkey gobbling,decoder_train
0Wkk9iNzA9c,30000,38000,dog growling,decoder_train
0Wxl_LzqguI,288000,296000,people battle cry,decoder_train
0XDEooC1h7s,0,8000,playing bassoon,decoder_train
0XFFOBzJ3aw,120000,128000,fire truck siren,decoder_train
0XSNrKgA94g,30000,38000,playing bongo,decoder_train
0XxinBtKouQ,30000,38000,people sneezing,decoder_train
0YIWrXgCjiM,30000,38000,playing theremin,decoder_train
0YI_WYJVv2M,30000,38000,playing theremin,decoder_train
0YTieIiZNN4,10000,18000,fireworks banging,decoder_train
0YiyCktu7bs,1000,9000,cat growling,decoder_train
0Z760XNy4VM,30000,38000,chinchilla barking,decoder_train
0ZxpQ87jdgQ,37000,45000,typing on typewriter,decoder_train
0_8-g2rof7E,49000,57000,playing electric guitar,decoder_train
0_9-dbUW0hU,30000,38000,playing electric guitar,decoder_train
0_B2YnBAz3A,220000,228000,playing electric guitar,decoder_train
0_FFqLukmHk,80000,88000,playing electric guitar,decoder_train
0_O6nVfnCH8,210000,218000,playing electric guitar,decoder_train
0a264PE9qEY,24000,32000,bouncing on trampoline,decoder_train
0aaLWD7TUSU,30000,38000,lions roaring,decoder_train
0bBJkY4_zs8,33000,41000,"female speech, woman speaking",decoder_train
0bKpv6YBl7g,50000,58000,tap dancing,decoder_train
0c78GAZ0jLY,5000,13000,male singing,decoder_train
0cNYPgD6cEA,30000,38000,playing electric guitar,decoder_train
0d6YdyxkXzQ,815000,823000,church bell ringing,decoder_train
0dC1f6bdyr4,142000,150000,male singing,decoder_train
0dC6Ay0oqWk,30000,38000,male singing,decoder_train
0dUL0EweBEY,387000,395000,woodpecker pecking tree,decoder_train
0dUL0EweBEY,423000,431000,woodpecker pecking tree,decoder_train
0dd6AlyOnfc,30000,38000,people giggling,decoder_train
0eDN0YmnJRY,2000,10000,shot football,decoder_train
0eTrzI5-ong,30000,38000,machine gun shooting,decoder_train
0eZHWqzsRqU,5000,13000,playing timbales,decoder_train
0foC-4n-eH0,0,8000,people shuffling,decoder_train
0fqtA_ZBn_8,30000,38000,people shuffling,decoder_train
0fsFWLev-q4,257000,265000,opening or closing car doors,decoder_train
0g4SlqjORM4,80000,88000,male singing,decoder_train
0g_-KI5NZ-E,30000,38000,cat meowing,decoder_train
0glBUluF4Yk,175000,183000,gibbon howling,decoder_train
0hOD_iIeePk,30000,38000,lawn mowing,decoder_train
0hWIKYNSEPE,80000,88000,basketball bounce,decoder_train
0he6VV5Y9Bg,30000,38000,sea waves,decoder_train
0hfU27A6tus,70000,78000,dog growling,decoder_train
0hjqlmdPT6g,50000,58000,playing bass guitar,decoder_train
0iX0QmnbrK4,85000,93000,playing flute,decoder_train
0iiwZ2_9Vi8,90000,98000,playing bass guitar,decoder_train
0izHOfrwPn4,180000,188000,church bell ringing,decoder_train
0jiu0RNizU8,160000,168000,"playing violin, fiddle",decoder_train
0ju5RWqEwGQ,108000,116000,bouncing on trampoline,decoder_train
0ju5RWqEwGQ,33000,41000,bouncing on trampoline,decoder_train
0jy-sVREk4o,30000,38000,people belly laughing,decoder_train
0kK-PnupAow,86000,94000,shot football,decoder_train
0kqQNBR09Rc,90000,98000,shot football,decoder_train
0loP4WNnL2k,0,8000,playing bassoon,decoder_train
0m9-5BkL4Mc,30000,38000,playing electric guitar,decoder_train
0mNvPaqfwUI,220000,228000,people whispering,decoder_train
0mZQ6Q-viPw,10000,18000,rope skipping,decoder_train
0n56ajMNoMA,118000,126000,dog bow-wow,decoder_train
0nYltlo90Zc,147000,155000,skidding,decoder_train
0nYltlo90Zc,161000,169000,skidding,decoder_train
0nib7bMm8BA,15000,23000,lions roaring,decoder_train
0nvBTp-q7tU,112000,120000,people marching,decoder_train
0olhNr566Z0,18000,26000,male singing,decoder_train
0onKcFY1Tu0,2000,10000,pheasant crowing,decoder_train
0pHTgC1Frnw,350000,358000,air horn,decoder_train
0q6GOUn_dhU,66000,74000,playing trombone,decoder_train
0q9FUj_2qMc,539000,547000,crow cawing,decoder_train
0s62qg0kfJE,13000,21000,male singing,decoder_train
0sT6vnChbrc,0,8000,playing cornet,decoder_train
0slFEpnTKkY,115000,123000,people running,decoder_train
0ssOpzqkojU,30000,38000,playing cornet,decoder_train
0t1jQa_Lj_E,130000,138000,playing volleyball,decoder_train
0u5dddSWuj8,30000,38000,toilet flushing,decoder_train
0uMEyyhzaqU,34000,42000,fire truck siren,decoder_train
0unbxXUE_c0,114000,122000,fire truck siren,decoder_train
0ut4if4B6zM,56000,64000,playing bass guitar,decoder_train
0vFPs6XsU_Q,30000,38000,playing banjo,decoder_train
0vg9qxNKXOw,30000,38000,playing banjo,decoder_train
0w7pCxwXzVc,120000,128000,hedge trimmer running,decoder_train
0w9PLY1owzk,108000,116000,hedge trimmer running,decoder_train
0welW-8hB1c,71000,79000,playing electric guitar,decoder_train
0wzsE67O5tE,230000,238000,airplane flyby,decoder_train
0x9TnOQ5Nhw,20000,28000,"pigeon, dove cooing",decoder_train
0xDlT_u31fg,30000,38000,fire truck siren,decoder_train
0yxJzCQW5zI,30000,38000,people whispering,decoder_train
1-feQHDL-Qo,30000,38000,dog bow-wow,decoder_train
14tRPoQA4q0,4000,12000,playing mandolin,decoder_train
15aMq3FEyjQ,26000,34000,playing mandolin,decoder_train
1B-RuZgSqf8,30000,38000,skidding,decoder_train
1BivKH8w7Fo,37000,45000,playing badminton,decoder_train
1BivKH8w7Fo,82000,90000,playing badminton,decoder_train
1Bv79-2FK-g,140000,148000,volcano explosion,decoder_train
1CGx8zxQFx4,70000,78000,playing cymbal,decoder_train
1CIh0UNxXrI,50000,58000,singing choir,decoder_train
1CZ-bybGzu4,30000,38000,playing hammond organ,decoder_train
1D4LxbOVn1I,30000,38000,lions roaring,decoder_train
1D6UsaTflJ8,60000,68000,car passing by,decoder_train
1DDBWHBebR4,50000,58000,"playing marimba, xylophone",decoder_train
1DJYkemV_0I,101000,109000,hedge trimmer running,decoder_train
1De-OI8YG-M,7000,15000,playing acoustic guitar,decoder_train
1DlGh4su-Ms,25000,33000,hedge trimmer running,decoder_train
1DrrBnFlylU,0,8000,people gargling,decoder_train
1EH6atYydBc,90000,98000,fireworks banging,decoder_train
1ENC2smc8Ig,30000,38000,male singing,decoder_train
1EWkwWXwI1g,210000,218000,"race car, auto racing",decoder_train
1EuGaYmvlXM,170000,178000,dog howling,decoder_train
1F23RciUwDE,30000,38000,shot football,decoder_train
1F3_bvIT0ig,0,8000,shot football,decoder_train
1F9zCsJyw6k,230000,238000,rapping,decoder_train
1FWUnWVX5Xk,159000,167000,cat hissing,decoder_train
1G6wtnmdZhE,30000,38000,stream burbling,decoder_train
1GDAnA4hAqQ,105000,113000,pig oinking,decoder_train
1GI75yXlrTk,29000,37000,"female speech, woman speaking",decoder_train
1GyO48dbGCI,0,8000,waterfall burbling,decoder_train
1Isq_KJHriU,16000,24000,people clapping,decoder_train
1JSbmO1NQzk,130000,138000,horse clip-clop,decoder_train
1JY4rwQZn3s,11000,19000,helicopter,decoder_train
1J_j6c2uQaM,30000,38000,chicken crowing,decoder_train
1JfwuwHV0hc,212000,220000,playing banjo,decoder_train
1Jo_WQrPc1Q,140000,148000,people eating apple,decoder_train
1KLmIS-v60U,10000,18000,playing cornet,decoder_train
1KiFXylkPpg,10000,18000,hammering nails,decoder_train
1KpqiBhyP7Q,8000,16000,playing saxophone,decoder_train
1LA8BxMlXSY,80000,88000,playing bassoon,decoder_train
1LPIxPA6-O8,261000,269000,playing french horn,decoder_train
1LTxZ2aNytc,30000,38000,playing double bass,decoder_train
1MTKUN3uFrs,440000,448000,people screaming,decoder_train
1MaEJRh2oGY,34000,42000,playing acoustic guitar,decoder_train
1MaEJRh2oGY,89000,97000,playing acoustic guitar,decoder_train
1MgcrYdYas0,30000,38000,fireworks banging,decoder_train
1NV87x_JYnQ,368000,376000,child singing,decoder_train
1Ny5ZlcBlcQ,30000,38000,playing oboe,decoder_train
1O-WeYTRS4w,370000,378000,frog croaking,decoder_train
1ON1iLkUPp8,40000,48000,bowling impact,decoder_train
1OpNI5DjxC0,30000,38000,playing snare drum,decoder_train
1P9yEzO1Bic,25000,33000,dog howling,decoder_train
1PAb2MoavDc,210000,218000,dog howling,decoder_train
1PPboJuO1Ks,21000,29000,running electric fan,decoder_train
1QBsc_IXg8U,750000,758000,"rowboat, canoe, kayak rowing",decoder_train
1QtsF8qkX1Y,70000,78000,playing tabla,decoder_train
1RAcDEFEszA,93000,101000,orchestra,decoder_train
1RfdLnNRLfA,149000,157000,pig oinking,decoder_train
1RhYdQnZ_hw,30000,38000,"female speech, woman speaking",decoder_train
1RwhRTe-OKk,30000,38000,playing bass guitar,decoder_train
1SBP-Dy8_II,119000,127000,skiing,decoder_train
1SPu2hsIhDw,167000,175000,playing shofar,decoder_train
1TAOyk0Xgss,370000,378000,female singing,decoder_train
1TJrceFMGrU,114000,122000,cat meowing,decoder_train
1TP8JyI5vHI,30000,38000,car engine knocking,decoder_train
1Tg9VvRZN5k,30000,38000,playing electronic organ,decoder_train
1Uj_ulATth0,360000,368000,playing table tennis,decoder_train
1Vt6qYw1BnQ,2000,10000,stream burbling,decoder_train
1W9fwoe4O-M,117000,125000,playing bass guitar,decoder_train
1WI9921OeRc,570000,578000,"female speech, woman speaking",decoder_train
1WLMVX_Y2Pk,18000,26000,sliding door,decoder_train
1WLMVX_Y2Pk,213000,221000,sliding door,decoder_train
1XO0SqsZhHU,30000,38000,"playing marimba, xylophone",decoder_train
1XZyIaJT8Lw,106000,114000,snake hissing,decoder_train
1Xmw9VUzvLY,150000,158000,"playing marimba, xylophone",decoder_train
1YFa9CpH7Kc,180000,188000,people crowd,decoder_train
1ZXe1qg_xeg,125000,133000,playing mandolin,decoder_train
1ZgXgyEJSbc,390000,398000,people booing,decoder_train
1ZwVoNUvaAE,0,8000,playing mandolin,decoder_train
1_0T2ZIjWnw,31000,39000,typing on typewriter,decoder_train
1_JeO9Pg1aQ,20000,28000,typing on typewriter,decoder_train
1_Yd3NwpP7M,210000,218000,typing on typewriter,decoder_train
1_v-Kro86Io,10000,18000,typing on typewriter,decoder_train
1_yyvTRVoZQ,2000,10000,typing on typewriter,decoder_train
1_yyvTRVoZQ,209000,217000,typing on typewriter,decoder_train
1a-ODBWMUAE,30000,38000,waterfall burbling,decoder_train
1aDnyPubxdY,118000,126000,baby crying,decoder_train
1aexyJH0jU8,2000,10000,people shuffling,decoder_train
1bIH_Qh_clk,30000,38000,frog croaking,decoder_train
1bSLrOlRIB4,50000,58000,playing tambourine,decoder_train
1bbyaXEVouE,30000,38000,parrot talking,decoder_train
1cqcTbDxsHM,130000,138000,people crowd,decoder_train
1cwGW0cBdRs,30000,38000,playing theremin,decoder_train
1cwReJkXLVo,505000,513000,"race car, auto racing",decoder_train
1cxvg7qu0G0,70000,78000,lighting firecrackers,decoder_train
1dyFP4MGkIM,30000,38000,skidding,decoder_train
1e0_4dwF9A4,30000,38000,tractor digging,decoder_train
1eBzpkIY-TY,198000,206000,snake hissing,decoder_train
1eP5LSjyge0,220000,228000,playing squash,decoder_train
1f-s2gYqyh8,19000,27000,shot football,decoder_train
1fDGejVDAHU,0,8000,chainsawing trees,decoder_train
1g6sdWOc9k4,510000,518000,stream burbling,decoder_train
1gSwLBNvEWE,34000,42000,police car (siren),decoder_train
1gWu-9hPzFs,22000,30000,pheasant crowing,decoder_train
1garMoYilAY,30000,38000,playing cello,decoder_train
1hIg-Lsvc7Q,30000,38000,playing cymbal,decoder_train
1hJnxzlxnQs,30000,38000,"female speech, woman speaking",decoder_train
1hKSlZZ5T50,2000,10000,car passing by,decoder_train
1hWAOReJehw,140000,148000,horse clip-clop,decoder_train
1hba9jmspEQ,30000,38000,frog croaking,decoder_train
1hknEtsmdOc,30000,38000,car passing by,decoder_train
1hsOUPwn21E,83000,91000,cuckoo bird calling,decoder_train
1hwkxJOl1PY,20000,28000,lions roaring,decoder_train
1j13NdQiw8c,30000,38000,playing steelpan,decoder_train
1jHVyPknyhM,5000,13000,elephant trumpeting,decoder_train
1jq7zSF_v7s,140000,148000,opening or closing drawers,decoder_train
1k0R3npPdKI,252000,260000,eletric blender running,decoder_train
1kV-NUwWfSc,63000,71000,"playing marimba, xylophone",decoder_train
1kiR-BU9Fik,71000,79000,lip smacking,decoder_train
1lLobOtsIFA,30000,38000,waterfall burbling,decoder_train
1lMCacmGZ8I,52000,60000,playing bugle,decoder_train
1mGE3y19p9g,129000,137000,fireworks banging,decoder_train
1mMqLP36sCQ,245000,253000,police car (siren),decoder_train
1mMqLP36sCQ,70000,78000,police car (siren),decoder_train
1ma4b_TsEVA,320000,328000,playing acoustic guitar,decoder_train
1mfghenMj_E,10000,18000,"vehicle horn, car horn, honking",decoder_train
1n5uFGk2pnc,58000,66000,pumping water,decoder_train
1n6JyJt4kJ4,18000,26000,train horning,decoder_train
1nNXaI04SEg,30000,38000,people eating,decoder_train
1n_s2Gb5R1Q,30000,38000,writing on blackboard with chalk,decoder_train
1nbCJJtsruI,0,8000,"engine accelerating, revving, vroom",decoder_train
1oJAVJPX0YY,20000,28000,playing acoustic guitar,decoder_train
1obzCbmFpa8,410000,418000,playing tabla,decoder_train
1owKdIYYYeg,0,8000,ocean burbling,decoder_train
1pMMz2vm6JE,109000,117000,running electric fan,decoder_train
1pMMz2vm6JE,2000,10000,running electric fan,decoder_train
1q8kkQhS97g,140000,148000,playing cymbal,decoder_train
1qRi4bT_t3Q,398000,406000,snake hissing,decoder_train
1rJWW_KqeAw,30000,38000,playing snare drum,decoder_train
1roSKWxidVo,35000,43000,singing bowl,decoder_train
1rtXsGC-q3Q,30000,38000,singing bowl,decoder_train
1tC7bTilFWk,30000,38000,cat caterwauling,decoder_train
1tjJmArxVBM,30000,38000,cat meowing,decoder_train
1tn0MJTOprg,3000,11000,firing muskets,decoder_train
1tobDIRRV0A,30000,38000,crow cawing,decoder_train
1tz4xNRRR4M,10000,18000,playing vibraphone,decoder_train
1uCzQCdCC1U,170000,178000,"race car, auto racing",decoder_train
1uIfP9ipzxY,58000,66000,playing table tennis,decoder_train
1uLkSMHxvZY,440000,448000,male singing,decoder_train
1uhuVsFGe6E,50000,58000,playing electric guitar,decoder_train
1veIcvGPRYw,3000,11000,bowling impact,decoder_train
1vy-ZxTMQf4,377000,385000,people marching,decoder_train
1w_iLXQb-9Q,7000,15000,playing steelpan,decoder_train
1wdCX1HmRyk,140000,148000,cricket chirping,decoder_train
1wqJ9KDfcME,60000,68000,playing cymbal,decoder_train
1xS-iGBR2b8,14000,22000,"male speech, man speaking",decoder_train
1xZESfMpi9Q,156000,164000,snake hissing,decoder_train
1xhSBniwGbM,30000,38000,male singing,decoder_train
1y-PYHnpvZs,38000,46000,ferret dooking,decoder_train
1yWGmdevTuM,30000,38000,playing acoustic guitar,decoder_train
1yfwHkdCucc,42000,50000,people crowd,decoder_train
1yxij2nsbZw,0,8000,air conditioning noise,decoder_train
1z19uJK6SB0,76000,84000,playing djembe,decoder_train
1z96Z0DSNlM,4000,12000,people nose blowing,decoder_train
2-XyCIq8Yp0,50000,58000,"child speech, kid speaking",decoder_train
23xC7lTBikU,20000,28000,playing didgeridoo,decoder_train
24tWz7gmngI,30000,38000,typing on computer keyboard,decoder_train
26dqZUTv5os,175000,183000,duck quacking,decoder_train
28Ih0rDx-Y4,310000,318000,"railroad car, train wagon",decoder_train
2A63oYgod8Y,560000,568000,cap gun shooting,decoder_train
2ACsPTob5cY,118000,126000,snake rattling,decoder_train
2ACsPTob5cY,349000,357000,snake rattling,decoder_train
2ASyuuVhr6M,52000,60000,bowling impact,decoder_train
2BMOGrFU_m8,167000,175000,"fly, housefly buzzing",decoder_train
2BNSDDwGxM8,30000,38000,horse clip-clop,decoder_train
2BbBEozEiak,133000,141000,playing drum kit,decoder_train
2BbBEozEiak,186000,194000,playing drum kit,decoder_train
2Bljhdt61Y4,38000,46000,vacuum cleaner cleaning floors,decoder_train
2C4aXzGI2eI,415000,423000,playing djembe,decoder_train
2C7SzKv2uLU,41000,49000,female singing,decoder_train
2CEb1hYM3EA,240000,248000,people eating,decoder_train
2CIWnYMxFCw,29000,37000,air conditioning noise,decoder_train
2CidaVnd60g,0,8000,playing trumpet,decoder_train
2D0okq6-SBo,189000,197000,skiing,decoder_train
2DyD824KPFM,10000,18000,female singing,decoder_train
2E31rvMg-rE,542000,550000,bouncing on trampoline,decoder_train
2EaYSObne7M,369000,377000,"vehicle horn, car horn, honking",decoder_train
2FJWwHQcXBk,480000,488000,"railroad car, train wagon",decoder_train
2Fbt9QiLWWc,370000,378000,playing acoustic guitar,decoder_train
2FrXzcm4YMc,70000,78000,playing electric guitar,decoder_train
2FtVHJ91gDc,45000,53000,skateboarding,decoder_train
2FxRgLF37kw,215000,223000,people booing,decoder_train
2GGNgvdRcAs,60000,68000,sea waves,decoder_train
2GOPuGmcHH0,20000,28000,playing hammond organ,decoder_train
2GuH1UJxQOk,19000,27000,slot machine,decoder_train
2HZcxlRs-hg,30000,38000,hail,decoder_train
2Hj6ogt1TJo,80000,88000,child singing,decoder_train
2I0ns0crmrA,6000,14000,playing hammond organ,decoder_train
2IEoe3YvCJo,20000,28000,car passing by,decoder_train
2Ic1zm9mBjk,30000,38000,basketball bounce,decoder_train
2LRhkMH48_Q,30000,38000,toilet flushing,decoder_train
2MKPKDQcgVc,36000,44000,baby crying,decoder_train
2Oe5kao1ycY,310000,318000,sliding door,decoder_train
2P1uwGQfaPA,4000,12000,singing choir,decoder_train
2PHV2xNjGVU,126000,134000,ambulance siren,decoder_train
2QuZzkvq_YQ,0,8000,airplane flyby,decoder_train
2VuKP6zZDDc,510000,518000,helicopter,decoder_train
2Wk4Y3_dMuc,440000,448000,playing electric guitar,decoder_train
2XK3vXa-wgw,30000,38000,"cattle, bovinae cowbell",decoder_train
2ZogsGp-T4o,40000,48000,people clapping,decoder_train
2_RltCGlGOA,10000,18000,playing mandolin,decoder_train
2__T6Q8rCCA,80000,88000,playing mandolin,decoder_train
2_cTS4ctWtE,310000,318000,playing mandolin,decoder_train
2bCuw7U_Rac,390000,398000,female singing,decoder_train
2bYyywE97aA,30000,38000,frog croaking,decoder_train
2cEM6Hu90v0,38000,46000,people eating,decoder_train
2drXOn18U3Q,136000,144000,slot machine,decoder_train
2eDP3jKoUd4,30000,38000,rope skipping,decoder_train
2eWobSpugTw,17000,25000,chicken clucking,decoder_train
2ehbByOUJjM,16000,24000,francolin calling,decoder_train
2es7oZzwLWM,30000,38000,playing zither,decoder_train
2fi0m8ei_B4,30000,38000,sliding door,decoder_train
2g5hx_rynAI,35000,43000,playing shofar,decoder_train
2gvw16YDwMA,153000,161000,cat caterwauling,decoder_train
2gvw16YDwMA,43000,51000,cat caterwauling,decoder_train
2hNEs5VCQR8,106000,114000,playing trumpet,decoder_train
2i1Gs32odx4,410000,418000,playing tabla,decoder_train
2i4UNf8tjvU,30000,38000,wind rustling leaves,decoder_train
2iAO9PKZDGk,0,8000,church bell ringing,decoder_train
2k6_k7K_ixg,30000,38000,"bird chirping, tweeting",decoder_train
2kQCMxf0onU,36000,44000,dog growling,decoder_train
2o4-lEtFb2k,60000,68000,hair dryer drying,decoder_train
2ofK2gAQue4,180000,188000,"engine accelerating, revving, vroom",decoder_train
2pV6t7CO0Bc,230000,238000,"subway, metro, underground",decoder_train
2qO-OQtOBK0,30000,38000,playing bassoon,decoder_train
2xQuWif8axE,30000,38000,playing mandolin,decoder_train
2yumaMbGybU,10000,18000,playing bagpipes,decoder_train
2zSnJX82Uzc,60000,68000,playing congas,decoder_train
2zec0wuZgLE,500000,508000,skidding,decoder_train
31GOxPXDNkk,68000,76000,male singing,decoder_train
31O2j4aAgYU,30000,38000,mosquito buzzing,decoder_train
36ToDxW_hns,90000,98000,lawn mowing,decoder_train
3FHOJZpzHIU,80000,88000,mouse clicking,decoder_train
3O7CzEL0pXA,421000,429000,chimpanzee pant-hooting,decoder_train
3U99MpJ22ck,50000,58000,playing banjo,decoder_train
3_A0AP3Xh9s,290000,298000,"playing marimba, xylophone",decoder_train
3iXaH6Dmacs,155000,163000,helicopter,decoder_train
3t6pqBKV0kY,30000,38000,"motorboat, speedboat acceleration",decoder_train
3tbFP_JKzXw,30000,38000,playing accordion,decoder_train
3vLc6D64xcs,330000,338000,using sewing machines,decoder_train
3zIQTDfS4Hk,30000,38000,playing steelpan,decoder_train
3zRatdumh0M,90000,98000,playing trumpet,decoder_train
421CRF4HFlA,140000,148000,playing harpsichord,decoder_train
42CPymJ_MXI,60000,68000,people crowd,decoder_train
42QgE4mM55I,30000,38000,male singing,decoder_train
4ByUnyBjmSs,80000,88000,vacuum cleaner cleaning floors,decoder_train
4MRzQbAIyV4,90000,98000,playing electric guitar,decoder_train
4MTFkHIgWwg,71000,79000,cat meowing,decoder_train
4Q1DDOpej1o,0,8000,playing acoustic guitar,decoder_train
4QmXsg-lZQw,165000,173000,"male speech, man speaking",decoder_train
4TshFWSsrn8,290000,298000,people screaming,decoder_train
4h550TCCd9w,153000,161000,playing harmonica,decoder_train
4qLAn6_xfCY,430000,438000,"male speech, man speaking",decoder_train
4qaiLMEce6Y,25000,33000,skateboarding,decoder_train
4tOFGK47I5E,5000,13000,raining,decoder_train
51NV5b5e5As,50000,58000,people whistling,decoder_train
51hZovioExg,17000,25000,cat growling,decoder_train
570I4k7PIAQ,23000,31000,"cattle, bovinae cowbell",decoder_train
573QotnRHDY,30000,38000,playing zither,decoder_train
5A0sMC5olxI,380000,388000,"playing violin, fiddle",decoder_train
5B7d8e42ODw,30000,38000,wind rustling leaves,decoder_train
5HQ0rDexH84,184000,192000,chainsawing trees,decoder_train
5JHMkSN2rdc,89000,97000,black capped chickadee calling,decoder_train
5MMIZJ0zCZk,30000,38000,crow cawing,decoder_train
5j-4OJ7XpDM,222000,230000,sharpen knife,decoder_train
5wC1sG4US3Y,205000,213000,playing bass drum,decoder_train
5xVe-bGbbYA,45000,53000,people sniggering,decoder_train
6-yQsEH2WYA,30000,38000,driving buses,decoder_train
68hapDEQEj0,480000,488000,elk bugling,decoder_train
6BXR7JlTiBQ,9000,17000,"pigeon, dove cooing",decoder_train
6EIgJvYx4AE,551000,559000,male singing,decoder_train
6GDtb6DWKdE,103000,111000,slot machine,decoder_train
6UY-HKyolKk,30000,38000,dog bow-wow,decoder_train
6WPEPztf3Qw,410000,418000,scuba diving,decoder_train
6Y8bKS6KLeE,30000,38000,pig oinking,decoder_train
6Yk15FbL2yw,81000,89000,cap gun shooting,decoder_train
6fQqyrMAuFI,500000,508000,ocean burbling,decoder_train
6hpNFfjpFHU,142000,150000,playing tennis,decoder_train
6jAZGb8k6tE,90000,98000,driving buses,decoder_train
6jdeSAmkzEU,30000,38000,playing electric guitar,decoder_train
6om-fZvxe70,30000,38000,mouse squeaking,decoder_train
6q3OUady18I,667000,675000,swimming,decoder_train
6qX8ykNoVls,22000,30000,people eating crisps,decoder_train
6tlsgZfA9zs,20000,28000,playing zither,decoder_train
6yaFDZk7-jo,8000,16000,chicken crowing,decoder_train
7-V8cMwkXTk,30000,38000,"engine accelerating, revving, vroom",decoder_train
7-htobm4qu0,30000,38000,people whistling,decoder_train
73cuZZq-J3w,20000,28000,hammering nails,decoder_train
74Eeq1qer94,30000,38000,playing cello,decoder_train
79undeYvXOE,200000,208000,playing castanets,decoder_train
7CTzN_wSb6g,30000,38000,car engine idling,decoder_train
7I2yJgXKncw,21000,29000,crow cawing,decoder_train
7K_jwQwta7I,30000,38000,playing piano,decoder_train
7O2qPT8vgfI,15000,23000,people whistling,decoder_train
7OhXiEHalAk,63000,71000,people clapping,decoder_train
7P7sCHtDLU8,30000,38000,people crowd,decoder_train
7PEL4NrU1Jk,23000,31000,playing cymbal,decoder_train
7nQxWCn_dBg,160000,168000,"playing marimba, xylophone",decoder_train
7rzEesL55fM,340000,348000,playing vibraphone,decoder_train
7ulXnnIlUOA,109000,117000,people gargling,decoder_train
7y9hIjH_7do,90000,98000,playing cello,decoder_train
7yjEC7Cr6i8,30000,38000,air conditioning noise,decoder_train
84JbG7gFceA,7000,15000,playing castanets,decoder_train
89PzuqeWWYQ,24000,32000,dog growling,decoder_train
8A1G_Sg6bx4,170000,178000,playing clarinet,decoder_train
8B3FjLzkdPA,20000,28000,playing clarinet,decoder_train
8HJcD-xKYo4,80000,88000,male singing,decoder_train
8M8mpBuhbOY,79000,87000,shot football,decoder_train
8MKemM0h5mE,30000,38000,rapping,decoder_train
8QfmtF0FGA4,114000,122000,playing timpani,decoder_train
8YSDo1wTo3M,28000,36000,bouncing on trampoline,decoder_train
8bmdnc-htzQ,106000,114000,air conditioning noise,decoder_train
8jDanS4ZzRc,240000,248000,hammering nails,decoder_train
8jN7n8lhkiI,278000,286000,people cheering,decoder_train
8m1ketVhQCM,78000,86000,people giggling,decoder_train
8ooVSXeHb94,30000,38000,skiing,decoder_train
8rICricPhh8,30000,38000,ambulance siren,decoder_train
8w-V_hYvxXs,160000,168000,playing acoustic guitar,decoder_train
91k-dD34c94,560000,568000,pig oinking,decoder_train
91vBzCaNTQ0,79000,87000,"playing violin, fiddle",decoder_train
93vN8AS4jHY,67000,75000,police car (siren),decoder_train
97IV2XK2l3U,0,8000,tapping guitar,decoder_train
97aoiaWwRVk,20000,28000,"vehicle horn, car horn, honking",decoder_train
985zNO7Wo1w,182000,190000,children shouting,decoder_train
9BGpWG8iqpQ,0,8000,people belly laughing,decoder_train
9SVbr69L7wM,60000,68000,"motorboat, speedboat acceleration",decoder_train
9ZWmZdgrE78,80000,88000,baby laughter,decoder_train
9c9dRz8t4bI,152000,160000,people giggling,decoder_train
9kIBkY7Tj5g,0,8000,playing saxophone,decoder_train
9pfZ4sXXsE4,330000,338000,opening or closing drawers,decoder_train
9rXAmXuAOw8,0,8000,"vehicle horn, car horn, honking",decoder_train
9tLzTdRhTrI,180000,188000,playing timpani,decoder_train
9wkgTdE7nz8,30000,38000,"railroad car, train wagon",decoder_train
A0dHhG6Y8C0,30000,38000,playing accordion,decoder_train
A24InXJHgOk,28000,36000,playing trumpet,decoder_train
A2D_eaALRug,19000,27000,hammering nails,decoder_train
A458iJLZGvg,80000,88000,"child speech, kid speaking",decoder_train
AEwkS57P4eE,30000,38000,male singing,decoder_train
AJ2_gn8V2fo,30000,38000,basketball bounce,decoder_train
AKxm4V3OylU,30000,38000,dog whimpering,decoder_train
AL7eCaqpzLk,569000,577000,tractor digging,decoder_train
ALtDtYnWFuo,30000,38000,horse neighing,decoder_train
ANWU9Hiy_5k,40000,48000,playing bassoon,decoder_train
AUXS8zwFV0k,30000,38000,lions roaring,decoder_train
AYvYTvCG0Cw,4000,12000,skiing,decoder_train
AZfD5KrH5d8,30000,38000,fireworks banging,decoder_train
AjLuenrAsbE,30000,38000,playing electric guitar,decoder_train
AkAdDFHQars,30000,38000,fire truck siren,decoder_train
Aky0DF507fw,170000,178000,playing didgeridoo,decoder_train
Ap_IlJVRHtw,230000,238000,"male speech, man speaking",decoder_train
Av2DNdWzziA,35000,43000,striking pool,decoder_train
AwAFAi8sa-0,450000,458000,playing volleyball,decoder_train
AwZrv_S86R4,30000,38000,"male speech, man speaking",decoder_train
Ax1rIOmzMWY,0,8000,"fly, housefly buzzing",decoder_train
Ay7bs8DMMyA,5000,13000,"child speech, kid speaking",decoder_train
AzY_KZTSXJk,30000,38000,parrot talking,decoder_train
B0Rje7Cj7W0,250000,258000,firing cannon,decoder_train
B33GgQddG30,28000,36000,dinosaurs bellowing,decoder_train
B6zw6kvaM_c,30000,38000,playing clarinet,decoder_train
BB3CCG8SD54,0,8000,dog growling,decoder_train
BBRDRggGsdk,147000,155000,lathe spinning,decoder_train
BMAruFZo5NM,88000,96000,playing hammond organ,decoder_train
BNxowL6utbQ,30000,38000,playing harp,decoder_train
BPeLfS4NPEI,60000,68000,"child speech, kid speaking",decoder_train
BQpa8whzwAE,30000,38000,train horning,decoder_train
BZRZcFA9Dr4,260000,268000,playing theremin,decoder_train
Bd-1gr7807g,16000,24000,playing piano,decoder_train
Bf2m1sXaXk4,10000,18000,ambulance siren,decoder_train
Bf3aAtNK8Sk,30000,38000,ambulance siren,decoder_train
BfQ3-G4gjlM,30000,38000,tapping guitar,decoder_train
Bq10zG74Wc0,40000,48000,magpie calling,decoder_train
Bqy0tD6mCPs,270000,278000,playing glockenspiel,decoder_train
BzMo0qCklGg,150000,158000,playing hammond organ,decoder_train
C00BpiE52mM,270000,278000,"motorboat, speedboat acceleration",decoder_train
C0CvQi7d4sU,328000,336000,people finger snapping,decoder_train
C0sSgrr5xrQ,30000,38000,duck quacking,decoder_train
C2BFL4F6zOM,62000,70000,rope skipping,decoder_train
C33WdI64FiY,30000,38000,rapping,decoder_train
C46X66FU_Dw,30000,38000,chainsawing trees,decoder_train
C5BteXnPQNk,30000,38000,"bird chirping, tweeting",decoder_train
C8q-VueE_ok,330000,338000,bird wings flapping,decoder_train
C9f_yqkzqac,510000,518000,"male speech, man speaking",decoder_train
CEzyxkUbG9A,30000,38000,car engine idling,decoder_train
CIN_pzwxrCE,69000,77000,skidding,decoder_train
CNteFuxbbZs,30000,38000,people sobbing,decoder_train
CScQCxNACyc,130000,138000,footsteps on snow,decoder_train
CSn5FP1c1AQ,17000,25000,child singing,decoder_train
CUMunjwsO2U,20000,28000,pheasant crowing,decoder_train
CWY1Y5hjfpo,30000,38000,"pigeon, dove cooing",decoder_train
CYZTjXQMiV8,570000,578000,"bird chirping, tweeting",decoder_train
Co7vOJiMeO0,64000,72000,playing table tennis,decoder_train
CsBwBct0_5U,30000,38000,footsteps on snow,decoder_train
D1NDNFZGY7k,40000,48000,civil defense siren,decoder_train
D1VQAb8CfWM,22000,30000,"pigeon, dove cooing",decoder_train
D1VQAb8CfWM,8000,16000,"pigeon, dove cooing",decoder_train
D2ISzNuhtxE,9000,17000,"vehicle horn, car horn, honking",decoder_train
D6shA0yJ8W4,72000,80000,playing cymbal,decoder_train
D9yNCDer4YM,94000,102000,playing bass guitar,decoder_train
DIooS7FSHYk,30000,38000,cricket chirping,decoder_train
DQ1-Jj3kEP0,61000,69000,beat boxing,decoder_train
DShnW2mZR-0,2000,10000,people sniggering,decoder_train
DV_lxAociYs,180000,188000,volcano explosion,decoder_train
DYVwPj_voRw,30000,38000,playing snare drum,decoder_train
DYdalOQnx1Y,30000,38000,"child speech, kid speaking",decoder_train
Db0c4aAwUbY,30000,38000,playing glockenspiel,decoder_train
DkhdvvtvwTE,20000,28000,lathe spinning,decoder_train
Drxkm1HyVxI,21000,29000,playing electric guitar,decoder_train
DvuXNSkGMes,7000,15000,playing bagpipes,decoder_train
DxqGhpqu2z4,116000,124000,ambulance siren,decoder_train
E-nunSOWtMs,70000,78000,playing hammond organ,decoder_train
E6QQRZHrx6s,30000,38000,people clapping,decoder_train
E6TSYy7ikcs,129000,137000,playing drum kit,decoder_train
EIzBD62ja8E,30000,38000,playing badminton,decoder_train
ENQli94rpHM,0,8000,playing cornet,decoder_train
EN_fOMt-IVE,60000,68000,cow lowing,decoder_train
EQHrQIaQNv8,30000,38000,firing muskets,decoder_train
EQrpQGyLR1Y,2000,10000,playing hammond organ,decoder_train
EU0Vrwxs7pU,170000,178000,child singing,decoder_train
EhLPUSnX2_Q,81000,89000,playing cornet,decoder_train
Ergjh8YR0OM,20000,28000,playing tuning fork,decoder_train
EtcoN3RhRZg,127000,135000,people burping,decoder_train
EzUCugyQf8k,40000,48000,"female speech, woman speaking",decoder_train
F-c6oa091zo,150000,158000,sheep bleating,decoder_train
F-p8xsDSjnw,30000,38000,tapping guitar,decoder_train
F5iBhMGDdwE,70000,78000,people sniggering,decoder_train
F8m310BMRvc,30000,38000,sailing,decoder_train
F9bJVVYgFl4,73000,81000,people crowd,decoder_train
FFSWmryaZ60,30000,38000,tap dancing,decoder_train
FgzVC4jxtxg,100000,108000,missile launch,decoder_train
FnCrdfgwfdM,622000,630000,playing gong,decoder_train
Fr0UnYeFVW0,10000,18000,playing tennis,decoder_train
FwnRxfcUHIE,29000,37000,metronome,decoder_train
G1OlHEvPRT8,30000,38000,sailing,decoder_train
G2jq2X-00n4,0,8000,playing bass guitar,decoder_train
G4fTKotMoWI,30000,38000,playing tympani,decoder_train
G880gxjj9dI,30000,38000,people hiccup,decoder_train
GU7mq8uZgJo,431000,439000,playing table tennis,decoder_train
GXuqtCdONDs,91000,99000,playing squash,decoder_train
G_jA6itU_FA,125000,133000,mynah bird singing,decoder_train
GdFlyobMoAE,9000,17000,playing mandolin,decoder_train
GjoBV2mf8jo,80000,88000,chicken crowing,decoder_train
GnmgSQq6E54,180000,188000,"playing steel guitar, slide guitar",decoder_train
GrzDev6lW0Q,41000,49000,basketball bounce,decoder_train
H692PyayBt4,0,8000,mouse pattering,decoder_train
H7leMctSTMc,30000,38000,mynah bird singing,decoder_train
HJGtRMubleU,30000,38000,pheasant crowing,decoder_train
HJrYNAIm1AY,110000,118000,playing cymbal,decoder_train
HMhAM5aicvI,30000,38000,"ice cream truck, ice cream van",decoder_train
HO7EiiblQe4,30000,38000,volcano explosion,decoder_train
HWjQnxlvwa0,430000,438000,slot machine,decoder_train
Hexc6YWqptw,5000,13000,"motorboat, speedboat acceleration",decoder_train
Hf-uMkF-gyA,296000,304000,tap dancing,decoder_train
Hjx-S-6U9k0,50000,58000,playing darts,decoder_train
Hn0UhOnyeJ0,225000,233000,magpie calling,decoder_train
Ht3h4-eNQCU,5000,13000,baby crying,decoder_train
Hu1OmW6Glaw,30000,38000,splashing water,decoder_train
HwGK5RvNOFI,30000,38000,people coughing,decoder_train
I0jA3pAj5VI,27000,35000,"race car, auto racing",decoder_train
I1NE3H6soBU,300000,308000,people burping,decoder_train
I7OqRsLtmh0,310000,318000,"railroad car, train wagon",decoder_train
IEjaZmXmm4c,20000,28000,missile launch,decoder_train
IMQtdwaG8I8,101000,109000,lighting firecrackers,decoder_train
INQWH7mOGeQ,30000,38000,toilet flushing,decoder_train
IPIS6TUVpSM,30000,38000,"engine accelerating, revving, vroom",decoder_train
IPYHy8k9Z34,50000,58000,people crowd,decoder_train
IQszXcU_OBI,147000,155000,mouse clicking,decoder_train
IUItviB2VsQ,30000,38000,playing flute,decoder_train
IVJkeUVwUaY,145000,153000,ambulance siren,decoder_train
IckvLvmXEBk,330000,338000,wood thrush calling,decoder_train
If1yxmaJ14M,170000,178000,playing gong,decoder_train
IiJciyiQBDw,10000,18000,missile launch,decoder_train
IlDRFxrDWw8,90000,98000,playing cymbal,decoder_train
IodeRr1vIgE,10000,18000,"child speech, kid speaking",decoder_train
Iu1k5XJoeXk,0,8000,forging swords,decoder_train
Iw4CEwT1wI8,11000,19000,parrot talking,decoder_train
J12HPLJd84Q,120000,128000,lathe spinning,decoder_train
J1WfhSyPeus,24000,32000,people eating noodle,decoder_train
J3ALZUC6tYI,65000,73000,car passing by,decoder_train
J3yMNpeDo6Q,30000,38000,stream burbling,decoder_train
J4IWp4vNFnw,100000,108000,mynah bird singing,decoder_train
J6T4OwacRL0,450000,458000,waterfall burbling,decoder_train
JCapiyzc_AA,30000,38000,playing theremin,decoder_train
JIMJ7ewIoPA,30000,38000,yodelling,decoder_train
JKbUVdMJAO8,30000,38000,bird squawking,decoder_train
JMVAOTC7hIU,89000,97000,elephant trumpeting,decoder_train
JW3fRqCF5bY,130000,138000,reversing beeps,decoder_train
JXl3VdTNRtA,20000,28000,playing table tennis,decoder_train
JcLpx0VveSw,17000,25000,yodelling,decoder_train
Jfw-FBJLiq8,752000,760000,skateboarding,decoder_train
JgKD-nqKTlQ,297000,305000,civil defense siren,decoder_train
JjqHDGzcz6c,100000,108000,bowling impact,decoder_train
JoKMKFX12x8,3000,11000,playing piano,decoder_train
JpwAOJ-FaJQ,245000,253000,chainsawing trees,decoder_train
JxE-EZJY2Q0,40000,48000,using sewing machines,decoder_train
K-Zg1-fR9kU,88000,96000,"pigeon, dove cooing",decoder_train
K3Q8Gi6oPIg,30000,38000,beat boxing,decoder_train
K5aJwQ2X2Sc,260000,268000,fire truck siren,decoder_train
K6EhC59pgWA,0,8000,wind chime,decoder_train
K9bWqZczmeA,780000,788000,police car (siren),decoder_train
KK5AClS1mxA,651000,659000,turkey gobbling,decoder_train
KLd-rJMoeko,20000,28000,playing table tennis,decoder_train
KRtYq1p2Tyg,6000,14000,chicken crowing,decoder_train
KU0aL_iR0_I,560000,568000,train horning,decoder_train
KXn7InqM3yo,30000,38000,chainsawing trees,decoder_train
KcYCxfTPfY0,0,8000,cutting hair with electric trimmers,decoder_train
Kfr4i48HNcA,53000,61000,"child speech, kid speaking",decoder_train
KfzH17TqnpE,248000,256000,barn swallow calling,decoder_train
KhjtXdPpEHM,99000,107000,lions roaring,decoder_train
KksMNKXuiNw,12000,20000,lip smacking,decoder_train
Kqw--nmhaRw,931000,939000,playing cello,decoder_train
KwlYiJEy0Po,130000,138000,cat meowing,decoder_train
L3wNweyCqdY,394000,402000,playing erhu,decoder_train
L5UDz2PJ9sk,30000,38000,crow cawing,decoder_train
LGrpsZ7BsQA,30000,38000,sheep bleating,decoder_train
LMrVjK1otdM,131000,139000,playing saxophone,decoder_train
LMv4Vt9otVg,30000,38000,beat boxing,decoder_train
LOHw8cZZ9-U,450000,458000,gibbon howling,decoder_train
LSaLPObrnZw,10000,18000,playing badminton,decoder_train
LTA3ncpTnUo,30000,38000,"playing steel guitar, slide guitar",decoder_train
LTXXIMHSfo0,14000,22000,wood thrush calling,decoder_train
LX5Y1jcoUXE,30000,38000,playing didgeridoo,decoder_train
LaBLXBBiCw4,75000,83000,"playing marimba, xylophone",decoder_train
LgvmB3oyRWQ,299000,307000,airplane,decoder_train
LrcvUfmRN8k,30000,38000,lawn mowing,decoder_train
LwZNG7Uuu7g,65000,73000,people whispering,decoder_train
LwypJxIZ31w,1000,9000,people whispering,decoder_train
M5rWO2qL6WQ,23000,31000,mosquito buzzing,decoder_train
M7rGKqfZh6k,30000,38000,typing on typewriter,decoder_train
MCa8xcBlBe8,30000,38000,duck quacking,decoder_train
MDotfX0EyFg,110000,118000,dog growling,decoder_train
MLMRHScRnhs,42000,50000,playing ukulele,decoder_train
MNXrgwjf4CY,356000,364000,civil defense siren,decoder_train
MW0ZTvRCS1o,220000,228000,female singing,decoder_train
Mb-GyQEKoEc,30000,38000,people eating,decoder_train
MhKSI8ggZ7Y,30000,38000,hail,decoder_train
MnEZwnRuQR8,30000,38000,playing darts,decoder_train
Mp_87MQx6Ms,40000,48000,volcano explosion,decoder_train
Mr8WsLsNp0A,2000,10000,running electric fan,decoder_train
MzK0doyIM70,500000,508000,playing piano,decoder_train
N4QzDWQEhYE,109000,117000,eagle screaming,decoder_train
NFjonUQRHfE,20000,28000,playing badminton,decoder_train
NMVPs3h0hNw,110000,118000,orchestra,decoder_train
NZMsQG4Zx7I,50000,58000,"bee, wasp, etc. buzzing",decoder_train
NcIR-UiXJI0,30000,38000,wind chime,decoder_train
NcIt4xNctkA,50000,58000,wind chime,decoder_train
NgyeHliItww,0,8000,playing badminton,decoder_train
Nht8x-egV7Y,15000,23000,playing tambourine,decoder_train
Ni_RNKhQ47k,118000,126000,people coughing,decoder_train
NpGTa9fRvUU,30000,38000,footsteps on snow,decoder_train
Nuyu78uZcVE,58000,66000,swimming,decoder_train
NvIZAovN5s8,308000,316000,wind chime,decoder_train
O8S1mItzKFk,115000,123000,"race car, auto racing",decoder_train
OPXoyT08GvQ,17000,25000,playing ukulele,decoder_train
OPhporfGJg8,30000,38000,playing cymbal,decoder_train
OTZDYafhtKY,634000,642000,playing erhu,decoder_train
OdOu8yGpIig,456000,464000,"female speech, woman speaking",decoder_train
OhhSpbVbXYA,145000,153000,dog howling,decoder_train
OifvajLsn5I,30000,38000,playing acoustic guitar,decoder_train
OwkOp5fVJK4,470000,478000,owl hooting,decoder_train
P4ocWEaK3eg,200000,208000,rapping,decoder_train
PSt_gdjwmvY,140000,148000,ocean burbling,decoder_train
PVgL5wFOKMs,30000,38000,beat boxing,decoder_train
PWwD7zzMOWE,540000,548000,playing tabla,decoder_train
PXvygAB5RKg,300000,308000,yodelling,decoder_train
PaJatNJhmsQ,0,8000,people crowd,decoder_train
PaZ4aVEsPsE,19000,27000,opening or closing car doors,decoder_train
Pair_NsHdTc,30000,38000,people crowd,decoder_train
PlGrb1DKbao,130000,138000,people coughing,decoder_train
PpuiOM0vuxo,41000,49000,hair dryer drying,decoder_train
PwazdGn6ldc,30000,38000,frog croaking,decoder_train
PyponzntqzM,163000,171000,civil defense siren,decoder_train
Q6pnggPsxDw,70000,78000,fire truck siren,decoder_train
QAgy9r331v0,30000,38000,chicken crowing,decoder_train
QAoCyTYnAuc,11000,19000,magpie calling,decoder_train
QFovsFrNNfw,136000,144000,thunder,decoder_train
QIRX5273XKk,30000,38000,train horning,decoder_train
QIuP8om7fYE,69000,77000,police car (siren),decoder_train
QK27EA8DmHQ,385000,393000,gibbon howling,decoder_train
QLEXmKz-MV4,70000,78000,playing harmonica,decoder_train
QNekELxXfHw,20000,28000,playing acoustic guitar,decoder_train
QPR_tghZjAI,30000,38000,people sneezing,decoder_train
QRKc90kuAaE,560000,568000,driving buses,decoder_train
QRLfJ0FuEbc,267000,275000,driving buses,decoder_train
QYYfs7ehzuc,126000,134000,playing banjo,decoder_train
QZKH9-7cpq8,470000,478000,playing trumpet,decoder_train
Qdr2xmK84Jo,30000,38000,parrot talking,decoder_train
QlqLLZQLNiA,0,8000,slot machine,decoder_train
Qovva-Q5vmM,216000,224000,beat boxing,decoder_train
QrsgFZBBrzo,250000,258000,playing ukulele,decoder_train
QvpIrEHvZWI,171000,179000,car passing by,decoder_train
QyGfqIKBGFE,5000,13000,train whistling,decoder_train
QySssFgqGq0,121000,129000,"subway, metro, underground",decoder_train
R0bAuQ3vfgA,30000,38000,yodelling,decoder_train
R1CqlyLZl28,5000,13000,driving motorcycle,decoder_train
R6EbA_Is4gc,520000,528000,train whistling,decoder_train
R9qOM83klNc,81000,89000,playing washboard,decoder_train
RA8ck5zeHM0,0,8000,playing badminton,decoder_train
RFbWkL818XQ,30000,38000,stream burbling,decoder_train
RFeU64gTvGQ,0,8000,"playing marimba, xylophone",decoder_train
RQvbm3l3wmA,110000,118000,playing volleyball,decoder_train
RVV2k3G6hes,14000,22000,splashing water,decoder_train
RYia-H9Hm88,0,8000,playing tympani,decoder_train
Rg971GlT_Ro,21000,29000,people sniggering,decoder_train
S1_mKhT8FVo,28000,36000,bowling impact,decoder_train
SB1dEgUQh3w,168000,176000,reversing beeps,decoder_train
SBwyfAg28OE,60000,68000,playing snare drum,decoder_train
SL52ykhLo8A,70000,78000,people sniggering,decoder_train
SMkVCM9GfO8,30000,38000,playing electric guitar,decoder_train
SSFFe1cVwgU,80000,88000,playing hockey,decoder_train
SUyaiLzdWDk,30000,38000,hair dryer drying,decoder_train
S_-F4Nr-2Ig,307000,315000,playing bagpipes,decoder_train
Sa_ovp-50Tc,30000,38000,foghorn,decoder_train
SfoN3MJ1RCI,30000,38000,playing tennis,decoder_train
ShSRKoE7hHc,128000,136000,turkey gobbling,decoder_train
Skrr-UgHeHg,8000,16000,helicopter,decoder_train
SkyxbPeBxNA,0,8000,playing congas,decoder_train
Sqpkv9fnxqw,210000,218000,playing ukulele,decoder_train
SsloEIMVDmk,16000,24000,tornado roaring,decoder_train
SxI3Lnzzmkw,110000,118000,"playing violin, fiddle",decoder_train
SzhOVP7BXUE,0,8000,playing french horn,decoder_train
T7fsXVDXFQo,300000,308000,"rowboat, canoe, kayak rowing",decoder_train
TA-O_bVnvLY,540000,548000,playing synthesizer,decoder_train
TC3Z6NuoFz8,460000,468000,ocean burbling,decoder_train
TP_CVBCc4-U,90000,98000,people cheering,decoder_train
TR4-xSB97w8,30000,38000,"race car, auto racing",decoder_train
TRW3OqA1cXE,30000,38000,hail,decoder_train
TT8xhjDC3Cg,250000,258000,sea lion barking,decoder_train
Tc9sb71px5I,30000,38000,"subway, metro, underground",decoder_train
Tfj3_pJLdjM,747000,755000,child singing,decoder_train
Tk0Sl9H0CE0,324000,332000,"playing marimba, xylophone",decoder_train
TmwM6LCcIBg,130000,138000,playing acoustic guitar,decoder_train
ToIdgjI3u4Q,30000,38000,helicopter,decoder_train
TpPHH7wQz_M,30000,38000,beat boxing,decoder_train
Tpg9LiS6K-M,234000,242000,pig oinking,decoder_train
TuHHUDnFSO0,96000,104000,blowtorch igniting,decoder_train
TwbVQetLqfM,3000,11000,slot machine,decoder_train
U37ysgI02r8,20000,28000,people sniggering,decoder_train
U4UtZeTl2DE,30000,38000,"bird chirping, tweeting",decoder_train
UCgErb1ImPY,31000,39000,playing electric guitar,decoder_train
UGlqxl1oiJk,130000,138000,people sniggering,decoder_train
ULLEA-jLmpI,30000,38000,people shuffling,decoder_train
UOGGfgBN2GM,223000,231000,playing oboe,decoder_train
UWizNEHrzCY,17000,25000,otter growling,decoder_train
UYScnXPxERQ,150000,158000,"race car, auto racing",decoder_train
Ub7DXmyQonI,30000,38000,people cheering,decoder_train
Ubmh-lOoe3Y,10000,18000,playing synthesizer,decoder_train
Ubo-gKFkdM4,30000,38000,playing synthesizer,decoder_train
UfJg3VBTLow,420000,428000,thunder,decoder_train
Uj2Os8tYIIQ,400000,408000,machine gun shooting,decoder_train
Uml273ueGDE,80000,88000,fire crackling,decoder_train
V8sGSG45U14,30000,38000,beat boxing,decoder_train
VUosI4YQook,30000,38000,playing table tennis,decoder_train
VeiJYltEZFc,34000,42000,"bird chirping, tweeting",decoder_train
Via5YWUC1Lk,180000,188000,"playing steel guitar, slide guitar",decoder_train
Vo_BuHqpf40,77000,85000,"female speech, woman speaking",decoder_train
Vsl9vfhmbN8,30000,38000,duck quacking,decoder_train
VvpjmyUhvP0,80000,88000,goose honking,decoder_train
W2aR6tTqGx0,90000,98000,bathroom ventilation fan running,decoder_train
W75ol-nF6vo,40000,48000,playing bassoon,decoder_train
W7KbboEOmeM,30000,38000,helicopter,decoder_train
W9CPGD_lR7g,5000,13000,reversing beeps,decoder_train
W9DxMx9ZF8A,271000,279000,yodelling,decoder_train
WElvc92V5Q4,617000,625000,playing didgeridoo,decoder_train
WFjx0sH7mlc,20000,28000,"motorboat, speedboat acceleration",decoder_train
WGOZNdTXITQ,205000,213000,tap dancing,decoder_train
WGuc_McKm_4,30000,38000,sheep bleating,decoder_train
WKlLEyxuUqo,410000,418000,printer printing,decoder_train
WKlfyztuZ7I,62000,70000,printer printing,decoder_train
WOoi5Sr2ux0,21000,29000,playing clarinet,decoder_train
WPY9SLh8dwY,390000,398000,"playing steel guitar, slide guitar",decoder_train
WVS46ZGovGw,30000,38000,playing bassoon,decoder_train
WY73T0xaY0A,180000,188000,car engine knocking,decoder_train
W__drEPwHrg,31000,39000,arc welding,decoder_train
WdGkP2ID5S4,30000,38000,orchestra,decoder_train
WftXzNONXZo,169000,177000,playing theremin,decoder_train
WhBHLyBY5to,9000,17000,people sneezing,decoder_train
WkkhcwXpYy4,30000,38000,wood thrush calling,decoder_train
WpZnqqaDr1A,380000,388000,"playing steel guitar, slide guitar",decoder_train
Wqqx_L1r8Hk,19000,27000,playing synthesizer,decoder_train
Wqv0fvaXGM4,52000,60000,police radio chatter,decoder_train
WrSpubuVkN0,330000,338000,sea lion barking,decoder_train
Wxup2o0w1kU,30000,38000,"pigeon, dove cooing",decoder_train
X07KIUzogxU,26000,34000,canary calling,decoder_train
X2IUVELRuzs,110000,118000,church bell ringing,decoder_train
X3Ukm37HbE0,30000,38000,sliding door,decoder_train
X3dPV8J8lnc,139000,147000,playing trumpet,decoder_train
X50vQ1-1Z3g,60000,68000,playing bass drum,decoder_train
X6MBdPls4RI,0,8000,playing cymbal,decoder_train
X8E2Vx0ygi8,230000,238000,"motorboat, speedboat acceleration",decoder_train
XA6RBioito4,67000,75000,roller coaster running,decoder_train
XCiz7m7HQrs,120000,128000,people whispering,decoder_train
XCkoQ-sCQ4Y,170000,178000,printer printing,decoder_train
XDWakm0T8fY,519000,527000,playing badminton,decoder_train
XFpVYFTQRuQ,188000,196000,playing tennis,decoder_train
XG1fNGITN08,400000,408000,"subway, metro, underground",decoder_train
XIohMvtR0Og,30000,38000,shot football,decoder_train
XPxukUQmF00,30000,38000,planing timber,decoder_train
XS-3djsJWTA,360000,368000,scuba diving,decoder_train
XTFD-XHCo2Q,0,8000,frog croaking,decoder_train
XUOtJ05Zg7E,120000,128000,driving motorcycle,decoder_train
XiQhJPkvn1I,654000,662000,child singing,decoder_train
XjkUtn062ho,0,8000,wind noise,decoder_train
XkwleyFCBrI,180000,188000,playing bass guitar,decoder_train
XkyKliH1X3c,25000,33000,playing bass guitar,decoder_train
XmjFnhOTLm0,96000,104000,people burping,decoder_train
Xp-u8qRkJZA,14000,22000,canary calling,decoder_train
XyT6JsD0o88,20000,28000,car passing by,decoder_train
Y0zPnwGCSw0,48000,56000,playing darts,decoder_train
Y3Iu9Xq-TaU,505000,513000,lawn mowing,decoder_train
Y5ZGlOUUcs8,290000,298000,owl hooting,decoder_train
Y6w2drYRvg8,37000,45000,printer printing,decoder_train
Y7aU3aCEf5A,30000,38000,playing clarinet,decoder_train
YNNepx1HYM8,31000,39000,playing congas,decoder_train
YTZK9FNgK74,30000,38000,male singing,decoder_train
YY1Qf9Q_Zx8,37000,45000,playing cello,decoder_train
Yf7ypnJ2J-U,39000,47000,cap gun shooting,decoder_train
YfV9YjCSkYM,30000,38000,sharpen knife,decoder_train
YoSAZzE9tMI,30000,38000,coyote howling,decoder_train
Ysrlv2UlG8A,30000,38000,people farting,decoder_train
YvxuyNi_wJM,1000,9000,bull bellowing,decoder_train
YwoYv1REVss,50000,58000,mouse clicking,decoder_train
Yx5pH0S0Clc,62000,70000,police car (siren),decoder_train
YxCVP-9lvZ4,215000,223000,playing accordion,decoder_train
Z0wu_Qi3Cxk,115000,123000,helicopter,decoder_train
ZFs03gCSB_g,270000,278000,barn swallow calling,decoder_train
ZHK2VTTMMWs,370000,378000,golf driving,decoder_train
ZP0aFBkk3WE,92000,100000,skateboarding,decoder_train
ZRBdcMCPFV8,39000,47000,helicopter,decoder_train
ZZO50JTetDE,580000,588000,snake rattling,decoder_train
ZahBai58_Ec,330000,338000,driving motorcycle,decoder_train
ZvG5aSIrYAw,190000,198000,coyote howling,decoder_train
ZvSaahj1hUk,29000,37000,playing piano,decoder_train
ZwAplWOatRo,20000,28000,people farting,decoder_train
_AUtYTaYMrE,100000,108000,people sobbing,decoder_train
_E3-DzuWPs4,132000,140000,playing lacrosse,decoder_train
_P96ibCmCt0,140000,148000,typing on typewriter,decoder_train
_RLsXrr0fQo,80000,88000,playing acoustic guitar,decoder_train
_X69MdLl5rU,176000,184000,dog bow-wow,decoder_train
__2MwJ2uHu0,4000,12000,playing erhu,decoder_train
_cES7Twcq18,6000,14000,playing cornet,decoder_train
_gY3Z2pWGsA,150000,158000,people farting,decoder_train
_j62xxyQbzo,84000,92000,skiing,decoder_train
_loJG92_VBE,50000,58000,playing acoustic guitar,decoder_train
_vt5Pxi-7BQ,604000,612000,planing timber,decoder_train
_z72jRCSaeE,80000,88000,gibbon howling,decoder_train
a3UQ9Je4xQM,20000,28000,cap gun shooting,decoder_train
a4McboobFR8,475000,483000,tornado roaring,decoder_train
a802qKb_itM,24000,32000,mouse pattering,decoder_train
a9iCA_YXm-Y,30000,38000,"male speech, man speaking",decoder_train
aF399DNTMlo,8000,16000,playing volleyball,decoder_train
aFKE_xiCSLY,99000,107000,skateboarding,decoder_train
aKZ3NJi8GVU,0,8000,playing didgeridoo,decoder_train
aMDAoaCyB1c,73000,81000,people clapping,decoder_train
aOGvHTXY2Us,849000,857000,helicopter,decoder_train
a_kgbg3eDAE,66000,74000,playing tabla,decoder_train
abkHKDE-IDc,30000,38000,beat boxing,decoder_train
afvKRNCfIXA,240000,248000,rapping,decoder_train
ao-TFiShaWU,120000,128000,woodpecker pecking tree,decoder_train
asoU_mVzI1g,6000,14000,playing glockenspiel,decoder_train
b6RkOuPoVWU,130000,138000,lions growling,decoder_train
b7KM28chL14,32000,40000,playing bass drum,decoder_train
bDN1mAaexyE,180000,188000,playing banjo,decoder_train
bMYhXjEJl_8,70000,78000,chainsawing trees,decoder_train
bO9-u7AH8B8,30000,38000,playing vibraphone,decoder_train
bOD-pt3NWYc,18000,26000,playing double bass,decoder_train
bR8fbwavKtc,60000,68000,police car (siren),decoder_train
bS_1Sv24jso,0,8000,people gargling,decoder_train
bciLCctZfjE,200000,208000,"female speech, woman speaking",decoder_train
bgGgPPudjlQ,209000,217000,cupboard opening or closing,decoder_train
bm5IT7e2vvI,120000,128000,spraying water,decoder_train
bp-XBkdA4rM,385000,393000,cap gun shooting,decoder_train
bqmWNU5oLZM,7000,15000,playing harpsichord,decoder_train
brpJxppIbDI,140000,148000,car passing by,decoder_train
bzOeufhFITk,30000,38000,playing hammond organ,decoder_train
c-qYpm6h0Ew,220000,228000,"rowboat, canoe, kayak rowing",decoder_train
cEjYmO5-dLk,10000,18000,playing cello,decoder_train
cGUhG5PZp0A,30000,38000,"electric shaver, electric razor shaving",decoder_train
cIHmmSm947Q,0,8000,people finger snapping,decoder_train
cOgNXgF21u4,30000,38000,train horning,decoder_train
cXEJWtj2kT8,30000,38000,police radio chatter,decoder_train
cb2348GeL-8,172000,180000,playing oboe,decoder_train
cfi_mCKjbyw,40000,48000,playing tabla,decoder_train
chtrHNfaT9U,70000,78000,eating with cutlery,decoder_train
ciVsS-oZEPc,103000,111000,playing harp,decoder_train
cmB8l4mQ1XQ,30000,38000,people crowd,decoder_train
cuINEhfQW98,289000,297000,ice cracking,decoder_train
d5qR0aff0Kk,30000,38000,turkey gobbling,decoder_train
dVYjJc2KdnY,90000,98000,"bird chirping, tweeting",decoder_train
dY3hVWRmYGM,152000,160000,playing glockenspiel,decoder_train
d_Hdkt1_ivo,30000,38000,"male speech, man speaking",decoder_train
ddshpQOcrG4,120000,128000,sailing,decoder_train
dfXl7_lnt0U,109000,117000,scuba diving,decoder_train
dfrps0BtQQQ,80000,88000,roller coaster running,decoder_train
dq32VQZwRx0,2000,10000,machine gun shooting,decoder_train
dqt_MzUQ20M,80000,88000,"engine accelerating, revving, vroom",decoder_train
dxDbrvoKTD8,331000,339000,arc welding,decoder_train
e42ylHtkQ5M,30000,38000,typing on typewriter,decoder_train
eFzyxoc1w1g,10000,18000,bird squawking,decoder_train
eJSpibgl0-c,30000,38000,people screaming,decoder_train
eMQQRvh-BUI,30000,38000,"rowboat, canoe, kayak rowing",decoder_train
eO_Z0BiT43M,292000,300000,"race car, auto racing",decoder_train
eWO7qLUgjjk,173000,181000,playing theremin,decoder_train
eZUfoLIVrJ8,220000,228000,"female speech, woman speaking",decoder_train
eayGg2OlHOw,10000,18000,playing erhu,decoder_train
ehMAmSwqiaA,75000,83000,playing volleyball,decoder_train
eipkKgTKAN8,40000,48000,playing bagpipes,decoder_train
elKhJvAaRlc,8000,16000,sea lion barking,decoder_train
eoINKEFklgM,0,8000,cattle mooing,decoder_train
ewm9cpk6GmY,30000,38000,people sniggering,decoder_train
f-3r6Pou7UM,15000,23000,magpie calling,decoder_train
f4X127h2Slk,37000,45000,car passing by,decoder_train
f52NbtQr2KQ,10000,18000,playing french horn,decoder_train
f6wrXzvByrg,30000,38000,playing banjo,decoder_train
fAns8GJzYeQ,30000,38000,waterfall burbling,decoder_train
fFX04tOPv8s,0,8000,planing timber,decoder_train
fGvhcD5G82M,7000,15000,chicken clucking,decoder_train
fOc6JNNdLaQ,30000,38000,playing harmonica,decoder_train
fjJPvFZswhg,30000,38000,barn swallow calling,decoder_train
fjWN2sQcR2s,30000,38000,frog croaking,decoder_train
ftVOFLwSxCg,22000,30000,turkey gobbling,decoder_train
fzOqjKHcx0w,229000,237000,"bee, wasp, etc. buzzing",decoder_train
g2at4AqJsqk,142000,150000,dog growling,decoder_train
g9Qah25_yH0,14000,22000,people humming,decoder_train
gAqXWyyk1BE,30000,38000,people eating,decoder_train
gGmvLozUXgE,24000,32000,singing bowl,decoder_train
gM1DIbory6A,120000,128000,playing trombone,decoder_train
gPekns88rQA,270000,278000,bouncing on trampoline,decoder_train
gd2-qjVH_DI,20000,28000,crow cawing,decoder_train
gd2-qjVH_DI,32000,40000,crow cawing,decoder_train
gh4oE_5g4YY,439000,447000,people running,decoder_train
gqYkg6Y3MHg,11000,19000,dog howling,decoder_train
guGNQyMTm8Y,101000,109000,playing castanets,decoder_train
h3RdxdQEv4U,85000,93000,pig oinking,decoder_train
hIo3lkALDlg,50000,58000,helicopter,decoder_train
hT2FAykn0Ao,35000,43000,baby crying,decoder_train
hcOkk03PnZE,110000,118000,playing squash,decoder_train
hp-1ncwHRto,26000,34000,people cheering,decoder_train
hpLvqSrTRTQ,30000,38000,playing badminton,decoder_train
hrqspJV1DT8,99000,107000,lions growling,decoder_train
hsBRizlT4Gw,160000,168000,playing squash,decoder_train
hzcbx3uU3SI,73000,81000,thunder,decoder_train
i3022Z7Sm-A,123000,131000,"electric shaver, electric razor shaving",decoder_train
i8kGE-XRat4,11000,19000,singing bowl,decoder_train
iAK8xAOUob8,297000,305000,playing banjo,decoder_train
iUoFC-GUq8o,113000,121000,playing djembe,decoder_train
idS-vH-vTw0,111000,119000,playing badminton,decoder_train
ieZmQbzQYtw,0,8000,playing gong,decoder_train
ipSnR0fR_uA,44000,52000,striking pool,decoder_train
ipx_reb1Kfc,0,8000,baby babbling,decoder_train
ivJmbhteIKE,28000,36000,ambulance siren,decoder_train
j1JUsTMZcuY,4000,12000,dog barking,decoder_train
j7Vej9AOKY0,31000,39000,lions growling,decoder_train
jBbwzM6A6Bo,42000,50000,playing harmonica,decoder_train
jEP-WEblweY,115000,123000,train horning,decoder_train
jPKhBkLgFLk,16000,24000,people clapping,decoder_train
jUBBGxyAN4M,19000,27000,cat meowing,decoder_train
jZ9mYtCAGf8,150000,158000,cattle mooing,decoder_train
jii46gf1UkM,140000,148000,playing squash,decoder_train
jr2kxASSRBY,30000,38000,baby crying,decoder_train
jzBR9ihZBbI,140000,148000,playing squash,decoder_train
k3AYfr6PIgs,19000,27000,dog bow-wow,decoder_train
kAOsa6_9wBY,103000,111000,spraying water,decoder_train
kTu8XtF-gzc,57000,65000,"bird chirping, tweeting",decoder_train
kVuG_F3qCuY,176000,184000,playing bassoon,decoder_train
kZQkCqkUBVA,168000,176000,skidding,decoder_train
kcVxxsZdhds,30000,38000,playing ukulele,decoder_train
kdanFLQ7A_s,0,8000,"race car, auto racing",decoder_train
kjGjMDpTzvs,320000,328000,"race car, auto racing",decoder_train
kps82JmgoVg,74000,82000,airplane,decoder_train
l-iIfi3SNpw,120000,128000,people screaming,decoder_train
l-kcXXZIVLs,190000,198000,people sobbing,decoder_train
l0wtTeAUdhI,69000,77000,writing on blackboard with chalk,decoder_train
l5g1RkSYZdw,30000,38000,tapping guitar,decoder_train
l9ElMSuNwnI,134000,142000,police radio chatter,decoder_train
lF1C6JSDZJU,209000,217000,disc scratching,decoder_train
lI3P985JB7k,105000,113000,"race car, auto racing",decoder_train
lNg2y6SRZPo,220000,228000,ripping paper,decoder_train
lO1rUT_MTjk,210000,218000,playing sitar,decoder_train
lP20BVmwPpU,108000,116000,playing double bass,decoder_train
lRyNx9_7NIM,110000,118000,ambulance siren,decoder_train
lh9MwUqQI0Q,66000,74000,people coughing,decoder_train
lm8Q2xGOvbQ,16000,24000,playing bugle,decoder_train
lqWv4X8OhkA,300000,308000,yodelling,decoder_train
lqeAf-DqE3I,140000,148000,playing steelpan,decoder_train
lqnw0Q13tDc,30000,38000,car engine knocking,decoder_train
lzXvsIeFtDI,327000,335000,playing bass guitar,decoder_train
mCaniZpghFE,310000,318000,duck quacking,decoder_train
mDovspDoLAE,30000,38000,sliding door,decoder_train
mGKX6kwKvSE,340000,348000,eating with cutlery,decoder_train
mK_y20VBdZM,307000,315000,volcano explosion,decoder_train
mNkqURQhM0c,41000,49000,toilet flushing,decoder_train
mZ_z2lorJeY,70000,78000,stream burbling,decoder_train
mcrf1Mb99d4,68000,76000,basketball bounce,decoder_train
mh6JxDJ0Bno,30000,38000,playing flute,decoder_train
mjhlzNVpnXs,26000,34000,playing bassoon,decoder_train
mr8uEQKL1GY,161000,169000,running electric fan,decoder_train
mxy5qcJckDQ,195000,203000,playing bass drum,decoder_train
myOH_8igzTw,161000,169000,people screaming,decoder_train
n-1ho8xiSGU,2000,10000,beat boxing,decoder_train
n6lloBIIZ-k,30000,38000,"female speech, woman speaking",decoder_train
nEX4I5j6H-Y,151000,159000,playing congas,decoder_train
nMUUYby3ZQQ,64000,72000,orchestra,decoder_train
n_k5FKt3X64,30000,38000,cap gun shooting,decoder_train
nbPY6Y1ffgo,40000,48000,chainsawing trees,decoder_train
nb_7c2xPKYA,400000,408000,playing bass guitar,decoder_train
nbjXrDmWMQg,184000,192000,mouse pattering,decoder_train
nhxCeq3sg2U,153000,161000,playing hammond organ,decoder_train
nou1eQNbW30,2000,10000,singing bowl,decoder_train
nt9PKJU4LLk,47000,55000,child singing,decoder_train
nzpnWuk3RjU,170000,178000,playing flute,decoder_train
o-HDwb0wIXA,66000,74000,electric grinder grinding,decoder_train
o0Bn4m6dQbI,100000,108000,playing accordion,decoder_train
o3cRTYrLXnk,46000,54000,writing on blackboard with chalk,decoder_train
oD0Xp--xxjE,30000,38000,playing drum kit,decoder_train
oOoxb4Fr65k,0,8000,"engine accelerating, revving, vroom",decoder_train
oSj9IbDiWks,0,8000,ambulance siren,decoder_train
oVcQgIsw2Ac,30000,38000,roller coaster running,decoder_train
oYFvyJtgE2E,108000,116000,bowling impact,decoder_train
oiNhFODWPVk,185000,193000,people slurping,decoder_train
onSfjunyI1A,13000,21000,playing tuning fork,decoder_train
p0c-sBtVkio,187000,195000,playing french horn,decoder_train
pFlcqWQVVuU,55000,63000,children shouting,decoder_train
pWLDewht-Kw,156000,164000,machine gun shooting,decoder_train
pcGbob7fSgE,40000,48000,playing timbales,decoder_train
pfB7MFteFFY,95000,103000,electric grinder grinding,decoder_train
qA1XfVDXoMc,295000,303000,popping popcorn,decoder_train
qFW6oa3jgg8,210000,218000,playing hammond organ,decoder_train
qGcLhHbGrIg,0,8000,playing synthesizer,decoder_train
qJT2h5uGAC0,930000,938000,baby babbling,decoder_train
qTweqjXnIU0,175000,183000,yodelling,decoder_train
qUvHb5szJfs,60000,68000,playing double bass,decoder_train
qadaulWp2m4,64000,72000,chicken crowing,decoder_train
qdfN5FWH1-E,227000,235000,dog barking,decoder_train
qj6xuSzUgUg,382000,390000,"rowboat, canoe, kayak rowing",decoder_train
qoo1sZq09pQ,180000,188000,playing table tennis,decoder_train
qs_-emj1qR4,30000,38000,playing tabla,decoder_train
qu3cJGVvvWs,237000,245000,skateboarding,decoder_train
r1XXnstW6Vk,66000,74000,chopping wood,decoder_train
r4BoQxrLtic,30000,38000,crow cawing,decoder_train
r93h4dD3XRU,20000,28000,civil defense siren,decoder_train
rFtAqf39OeI,86000,94000,frog croaking,decoder_train
rM0mOUPtSpU,60000,68000,wood thrush calling,decoder_train
rTh92nlG9io,30000,38000,cheetah chirrup,decoder_train
rjGjz5DolWA,30000,38000,dog barking,decoder_train
rosiOZ0VIHA,338000,346000,playing badminton,decoder_train
rq4oQdSxrnI,79000,87000,airplane flyby,decoder_train
ryskM4LGrtk,530000,538000,playing tambourine,decoder_train
rysr8w7aTuQ,0,8000,cap gun shooting,decoder_train
s1KjeqZlnIU,296000,304000,"fly, housefly buzzing",decoder_train
s8PkY2iW4e8,30000,38000,goose honking,decoder_train
sKQ6qt6uT18,27000,35000,car engine knocking,decoder_train
sNicRCa4sTI,49000,57000,civil defense siren,decoder_train
scoFHRlgDjs,9000,17000,driving motorcycle,decoder_train
sfXt8h7KAHM,30000,38000,people belly laughing,decoder_train
si_IAMPOXlQ,170000,178000,playing flute,decoder_train
snR9TvRupjU,0,8000,opening or closing drawers,decoder_train
syJs8zsdI8o,34000,42000,playing gong,decoder_train
t5kpBQv8trY,15000,23000,"alligators, crocodiles hissing",decoder_train
tA_NrYVTlps,24000,32000,playing piano,decoder_train
tFLGKmOa0dc,30000,38000,cattle mooing,decoder_train
tGUWSgewh0A,270000,278000,playing bass drum,decoder_train
tTNZYyuU_X4,30000,38000,golf driving,decoder_train
tTsvjXYDwQQ,12000,20000,penguins braying,decoder_train
tUrlSBYq_0o,30000,38000,baby crying,decoder_train
tZFs-kLTpyg,3000,11000,squishing water,decoder_train
u8D5Z_glilQ,1000,9000,playing bassoon,decoder_train
uCWzv5Ss-B0,30000,38000,people coughing,decoder_train
uEMANxR3vwc,338000,346000,police radio chatter,decoder_train
uJ4gkjQ6Jt0,190000,198000,playing theremin,decoder_train
uOOGqzu-I_U,128000,136000,train whistling,decoder_train
uRhiZy8FsSU,30000,38000,playing snare drum,decoder_train
usfT2KJQhAc,48000,56000,playing harp,decoder_train
v2-_uGob4TQ,182000,190000,pheasant crowing,decoder_train
vchsE_Dn7mo,147000,155000,playing saxophone,decoder_train
vd2Ov9nGycg,31000,39000,singing choir,decoder_train
vdh5LqgvSLU,37000,45000,ocean burbling,decoder_train
vuYE5G1C9MQ,25000,33000,sliding door,decoder_train
vyYpxGJr7zI,30000,38000,door slamming,decoder_train
vzY4mHyr-F8,214000,222000,playing drum kit,decoder_train
w2vMywh5Nto,10000,18000,"rowboat, canoe, kayak rowing",decoder_train
w9wfVOg6d1M,6000,14000,beat boxing,decoder_train
wDg2v3NuCoQ,75000,83000,orchestra,decoder_train
wJM6BaJ027w,496000,504000,playing guiro,decoder_train
wMLgi-rb6UM,0,8000,train horning,decoder_train
wOzgCyoi9l8,74000,82000,singing bowl,decoder_train
wTduj6YOVuU,10000,18000,mouse clicking,decoder_train
wVK0m7FDkGs,58000,66000,"bird chirping, tweeting",decoder_train
wVLyIVxZ4PY,533000,541000,"bird chirping, tweeting",decoder_train
wYNKH0Ou9vM,80000,88000,playing squash,decoder_train
wdbIsk487Fw,100000,108000,planing timber,decoder_train
wr72HohtJ6Q,25000,33000,people booing,decoder_train
wuz0curb_hg,180000,188000,cap gun shooting,decoder_train
wvlhGSXTEoE,430000,438000,"bird chirping, tweeting",decoder_train
xIG97I7qRz8,97000,105000,playing bongo,decoder_train
xN-nKHyKx3E,504000,512000,bowling impact,decoder_train
xTDmWAfnFl0,181000,189000,frog croaking,decoder_train
xXGIKM4daMU,30000,38000,striking pool,decoder_train
xX_x4lBDBVU,42000,50000,ripping paper,decoder_train
x_i_FLv7pNA,21000,29000,playing hammond organ,decoder_train
xfGXhVboW9U,50000,58000,tap dancing,decoder_train
xnMI64kXQA8,252000,260000,people belly laughing,decoder_train
xooxjB2CNgE,166000,174000,bouncing on trampoline,decoder_train
xtEfTSC1PKc,187000,195000,frog croaking,decoder_train
xv35vO58cjY,271000,279000,cell phone buzzing,decoder_train
xwDJy7bJurM,277000,285000,black capped chickadee calling,decoder_train
xwrpD8jQupw,81000,89000,chopping food,decoder_train
y9_9tveI1OY,100000,108000,playing snare drum,decoder_train
yGeIkgt-Hr0,19000,27000,playing trumpet,decoder_train
yc4mmvlO39M,30000,38000,lawn mowing,decoder_train
ycOM6mmzeok,494000,502000,footsteps on snow,decoder_train
yy0n-N17n04,10000,18000,playing harmonica,decoder_train
yzPMm0wRN-E,194000,202000,metronome,decoder_train
zBabZOv4dGw,380000,388000,playing trombone,decoder_train
zHmBpBw3Fnw,43000,51000,cat caterwauling,decoder_train
zayC5mUo7sY,100000,108000,police car (siren),decoder_train
zgM0pD0JIqc,0,8000,playing harpsichord,decoder_train
zgmAvQF1ojQ,49000,57000,playing harpsichord,decoder_train
zhFzDzfOCik,111000,119000,police radio chatter,decoder_train
zk4YZ_mbx2c,12000,20000,thunder,decoder_train
zxpo56cpUBU,7000,15000,people booing,decoder_train
---g-f_I2yQ,1000,9000,people marching,decoder_train
--i-y1v8Hy8,0,8000,"male speech, man speaking",decoder_train
-0vPFx-wRRI,30000,38000,people finger snapping,decoder_train
-0yRK50zyTI,30000,38000,fire crackling,decoder_train
-1BtY81-D54,130000,138000,people battle cry,decoder_train
-1EXhfqLLwQ,150000,158000,playing squash,decoder_train
-2sOH8XovEE,484000,492000,playing table tennis,decoder_train
-3Kv4fdm7Uk,30000,38000,playing accordion,decoder_train
-3RH8_aeZkk,105000,113000,sheep bleating,decoder_train
-3b9gwBYXp8,503000,511000,car engine starting,decoder_train
-4kkGS4-qVM,10000,18000,train horning,decoder_train
-4pmCrSdMhg,30000,38000,lions growling,decoder_train
-7IhwezUrUA,590000,598000,eating with cutlery,decoder_train
-7TanrCbmME,30000,38000,gibbon howling,decoder_train
-7YESdyyHVw,10000,18000,"engine accelerating, revving, vroom",decoder_train
-7tYmeOmsRg,58000,66000,people eating crisps,decoder_train
-8cgbhIR_pw,30000,38000,male singing,decoder_train
-BmjFZ1xu5Q,263000,271000,"male speech, man speaking",decoder_train
-By6I234TSs,10000,18000,playing synthesizer,decoder_train
-CZ1LIc8aos,20000,28000,playing hammond organ,decoder_train
-DnZ_ZY3lgA,160000,168000,crow cawing,decoder_train
-HAoExLVs6Q,380000,388000,"railroad car, train wagon",decoder_train
-HMEhGV38GM,216000,224000,toilet flushing,decoder_train
-IZbvEO9wzU,30000,38000,playing sitar,decoder_train
-Igq1W20Gi8,0,8000,playing sitar,decoder_train
-Ii-kc3ufho,106000,114000,police radio chatter,decoder_train
-JGpAlLrSD0,458000,466000,train whistling,decoder_train
-JUBdOr8Hes,30000,38000,female singing,decoder_train
-K-ccLMFE5M,245000,253000,people marching,decoder_train
-K1BRF6qng8,30000,38000,female singing,decoder_train
-M6K3QoHh40,30000,38000,people shuffling,decoder_train
-MIwX2AaUas,158000,166000,chopping food,decoder_train
-N00SskHxS4,529000,537000,playing bugle,decoder_train
-PvlrLjIAYo,9000,17000,parrot talking,decoder_train
-PyXfNxnHKs,110000,118000,eating with cutlery,decoder_train
-Qowmc0P9ic,34000,42000,playing bass drum,decoder_train
-Tok_g_jgE0,268000,276000,rope skipping,decoder_train
-VevyIayGM0,0,8000,playing electric guitar,decoder_train
-Vo4CAMX26U,30000,38000,"cattle, bovinae cowbell",decoder_train
-Wd5YV97ftU,320000,328000,"playing violin, fiddle",decoder_train
-XwtCzUaN1I,160000,168000,"engine accelerating, revving, vroom",decoder_train
-Y8sJDoL1YA,15000,23000,"race car, auto racing",decoder_train
-_f_ClsDxyc,80000,88000,playing clarinet,decoder_train
-aK9JKAGme0,51000,59000,people finger snapping,decoder_train
-aUJLRXkj-Y,118000,126000,"rowboat, canoe, kayak rowing",decoder_train
-b42018ceoE,78000,86000,singing choir,decoder_train
-c6baaENcjA,204000,212000,playing piano,decoder_train
-cA9HsnV1ao,30000,38000,people shuffling,decoder_train
-e4wXAy1iVo,0,8000,cow lowing,decoder_train
-fAVezaAX18,126000,134000,cattle mooing,decoder_train
-fmmdkXn5YA,210000,218000,playing piano,decoder_train
-fz6omiAhZ8,40000,48000,people cheering,decoder_train
-gCqnkIUmp0,140000,148000,playing bass drum,decoder_train
-hA3ZkfDz30,500000,508000,"playing steel guitar, slide guitar",decoder_train
-hJ1YTZ5AGI,30000,38000,"bird chirping, tweeting",decoder_train
-hSwZyPPJTc,75000,83000,playing flute,decoder_train
-hYRFCQdbLg,30000,38000,sliding door,decoder_train
-hedbpc8T0E,30000,38000,singing bowl,decoder_train
-hfAbHHlj44,30000,38000,sharpen knife,decoder_train
-jA7nRwQp_E,30000,38000,spraying water,decoder_train
-jFSYIHh6zc,30000,38000,playing flute,decoder_train
-jZENGDFArw,80000,88000,people clapping,decoder_train
-l-E3kyNcag,150000,158000,lathe spinning,decoder_train
-mKtgDnG0oM,30000,38000,car engine knocking,decoder_train
-miI_C3At4Y,104000,112000,"pigeon, dove cooing",decoder_train
-nDPmlHReow,60000,68000,dinosaurs bellowing,decoder_train
-nJbGyPg6BY,60000,68000,"race car, auto racing",decoder_train
-nQ9a0P1TlY,23000,31000,playing piano,decoder_train
-na-0NBG5Ow,1000,9000,typing on computer keyboard,decoder_train
-oOARU0JwWE,153000,161000,playing bassoon,decoder_train
-oSzD8P2BtU,30000,38000,playing cello,decoder_train
-qtYcqvW_oc,330000,338000,opening or closing drawers,decoder_train
-r2-9oyIzkQ,30000,38000,playing oboe,decoder_train
-r3nM90RCNs,161000,169000,striking pool,decoder_train
-rTTPoBJNI4,123000,131000,ocean burbling,decoder_train
-s5ZidRvnjQ,250000,258000,car engine knocking,decoder_train
-uD3ZbhFTnk,77000,85000,dog howling,decoder_train
-wQ8El8J_dE,30000,38000,civil defense siren,decoder_train
-wnDAPcoPsk,30000,38000,playing hammond organ,decoder_train
-yrglmBmErg,225000,233000,opening or closing car doors,decoder_train
-z4OZ7ls5Bo,540000,548000,playing ukulele,decoder_train
-0pJqpNjft4,267000,275000,cow lowing,decoder_test
-3-4qmWSJXU,30000,38000,thunder,decoder_test
-JUhUI_KvUI,26000,34000,female singing,decoder_test
-Lmibx_Iu_E,173000,181000,playing harmonica,decoder_test
-T8L4SVm3u0,1000,9000,footsteps on snow,decoder_test
-fAGzY9rnaA,30000,38000,chicken crowing,decoder_test
-kWlE2dkoxc,170000,178000,playing electric guitar,decoder_test
-lPXTBXa0tE,30000,38000,"railroad car, train wagon",decoder_test
-zwjoyBo2s8,285000,293000,mynah bird singing,decoder_test
2laUv3y7OfA,30000,38000,dog howling,decoder_test
2rK6HBRC8HQ,40000,48000,"female speech, woman speaking",decoder_test
34f6a05F1rk,76000,84000,people sniggering,decoder_test
3AzacBprTzU,60000,68000,dog barking,decoder_test
3FNTvu5iROw,76000,84000,"bird chirping, tweeting",decoder_test
3R0dqfaiV3M,0,8000,wind noise,decoder_test
3kaCL9Zu7NY,230000,238000,playing electric guitar,decoder_test
4gFbCdHle0w,30000,38000,airplane,decoder_test
5bU5bCN2y54,46000,54000,people babbling,decoder_test
5uanE7YxW0E,0,8000,playing electronic organ,decoder_test
61krHyjf-ac,176000,184000,cap gun shooting,decoder_test
680o8EChP_o,105000,113000,striking pool,decoder_test
7761uBKNpd8,30000,38000,"female speech, woman speaking",decoder_test
AScmP_vDPhs,1000,9000,mouse clicking,decoder_test
AYf9HocxFdk,54000,62000,"electric shaver, electric razor shaving",decoder_test
ApgCxwAImCE,30000,38000,people farting,decoder_test
AzhAMscTxyc,30000,38000,"motorboat, speedboat acceleration",decoder_test
BbWdsbZ9TsM,130000,138000,people booing,decoder_test
BjR_ixR8TUw,30000,38000,playing piano,decoder_test
Bw_fNvTp6jg,30000,38000,playing erhu,decoder_test
CX-gGuT3iEs,230000,238000,playing lacrosse,decoder_test
Db3VBTvUp_k,30000,38000,sharpen knife,decoder_test
jaI41fTAM54,30000,38000,snake rattling,decoder_test
lAznHBBQkp4,30000,38000,"female speech, woman speaking",decoder_test
mXhgTalUktk,540000,548000,"playing steel guitar, slide guitar",decoder_test
nfitcQXx-Y0,20000,28000,scuba diving,decoder_test
pjtJGwhmi9I,66000,74000,"bee, wasp, etc. buzzing",decoder_test
ptw48aDb4Ms,124000,132000,playing castanets,decoder_test
q6Fcpz4du20,311000,319000,planing timber,decoder_test
qEBAFHQkGnc,164000,172000,popping popcorn,decoder_test
qMKO8bQpzMg,90000,98000,playing flute,decoder_test
qaZYMjKrUCo,460000,468000,"fly, housefly buzzing",decoder_test
qjHoWdDb4lM,27000,35000,splashing water,decoder_test
qqhkKtXCiEs,112000,120000,tapping guitar,decoder_test
qtnE1hnCD0M,30000,38000,civil defense siren,decoder_test
uKqFWsVI250,71000,79000,airplane,decoder_test
viYxkl1BW9U,100000,108000,"railroad car, train wagon",decoder_test
xC01ty1ngVQ,2000,10000,alarm clock ringing,decoder_test
zZgNyJ4eQwk,22000,30000,fire truck siren,decoder_test
zra3SOgAsyg,31000,39000,chimpanzee pant-hooting,decoder_test
zzqrZOq928w,55000,63000,train horning,decoder_test
